{
  "project_info": {
    "project_number": "937828780683",
    "firebase_url": "https://defe-pro-default-rtdb.asia-southeast1.firebasedatabase.app",
    "project_id": "defe-pro",
    "storage_bucket": "defe-pro.appspot.com"
  },
  "client": [
    {
      "client_info": {
        "mobilesdk_app_id": "1:937828780683:android:4632a5755a6a8e8327a28e",
        "android_client_info": {
          "package_name": "ant.admin"
        }
      },
      "oauth_client": [],
      "api_key": [
        {
          "current_key": "AIzaSyA8StCllFw0N6Spy16truMYiXROuY4mStA"
        }
      ],
      "services": {
        "appinvite_service": {
          "other_platform_oauth_client": []
        }
      }
    },
    {
      "client_info": {
        "mobilesdk_app_id": "1:937828780683:android:84986f49c7fae11227a28e",
        "android_client_info": {
          "package_name": "ant.user"
        }
      },
      "oauth_client": [],
      "api_key": [
        {
          "current_key": "AIzaSyA8StCllFw0N6Spy16truMYiXROuY4mStA"
        }
      ],
      "services": {
        "appinvite_service": {
          "other_platform_oauth_client": []
        }
      }
    },
    {
      "client_info": {
        "mobilesdk_app_id": "1:937828780683:android:83fb0333ab63d15227a28e",
        "android_client_info": {
          "package_name": "com.ant.whatsapp"
        }
      },
      "oauth_client": [],
      "api_key": [
        {
          "current_key": "AIzaSyA8StCllFw0N6Spy16truMYiXROuY4mStA"
        }
      ],
      "services": {
        "appinvite_service": {
          "other_platform_oauth_client": []
        }
      }
    },
    {
      "client_info": {
        "mobilesdk_app_id": "1:937828780683:android:e7d8339a7007d1a627a28e",
        "android_client_info": {
          "package_name": "crypto.com"
        }
      },
      "oauth_client": [],
      "api_key": [
        {
          "current_key": "AIzaSyA8StCllFw0N6Spy16truMYiXROuY4mStA"
        }
      ],
      "services": {
        "appinvite_service": {
          "other_platform_oauth_client": []
        }
      }
    }
  ],
  "configuration_version": "1"
}